{"source": {"accuracy": 0.8, "precision": 0.8, "recall": 0.5, "f1_score": 0.6153846153846154}, "target": {"accuracy": 0.84, "precision": 0.7222222222222222, "recall": 0.8125, "f1_score": 0.7647058823529411}, "transfer_learning": {"accuracy": 0.82, "precision": 0.6842105263157895, "recall": 0.8125, "f1_score": 0.7428571428571429}}