{"source": {"accuracy": 0.84, "precision": 0.7857142857142857, "recall": 0.6875, "f1_score": 0.7333333333333333, "auc_roc": 0.9117646217346191}, "target": {"accuracy": 0.86, "precision": 0.7647058823529411, "recall": 0.8125, "f1_score": 0.7878787878787878, "auc_roc": 0.9255515336990356}, "transfer_learning": {"accuracy": 0.82, "precision": 0.7058823529411765, "recall": 0.75, "f1_score": 0.7272727272727273, "auc_roc": 0.9108455777168274}}