{
    "source": {
        "accuracy": 0.82,
        "precision": 0.7692307692307693,
        "recall": 0.625,
        "f1_score": 0.6896551724137931,
        "auc_roc": 0.9136029481887817
    },
    "target": {
        "accuracy": 0.8,
        "precision": 0.6666666666666666,
        "recall": 0.75,
        "f1_score": 0.7058823529411765,
        "auc_roc": 0.9227941036224365
    },
    "transfer_learning": {
        "accuracy": 0.84,
        "precision": 0.7222222222222222,
        "recall": 0.8125,
        "f1_score": 0.7647058823529411,
        "auc_roc": 0.9145220518112183
    }
}