scenario,accuracy,precision_macro,recall_macro,f1_macro,f1_class_0,f1_class_1,auc_roc,brier,ece
baseline,0.7863095238095237,0.7820018296518919,0.8098214285714285,0.7771710070674904,0.7349190410059631,0.8194229731290177,0.8778061224489797,0.15253349398559374,0.1542955631700655
fine_tuned_target,0.825,0.8162107593838985,0.8464285714285715,0.8162886544166892,0.777935308857173,0.8546419999762052,0.9072704081632654,0.11146447063264955,0.1374427157609413
