scenario,accuracy,precision,recall,f1_score,auc_roc,brier,ece
baseline,0.852403846153846,0.8340492290647088,0.7029411764705882,0.7569442654056244,0.9297478991596637,0.10907683722443917,0.1220069913730885
fine_tuned_target,0.9057692307692309,0.9294128420599008,0.7779411764705882,0.8404814885387253,0.9800840336134454,0.062275294619102486,0.07837199477586322
