scenario,accuracy,precision_macro,recall_macro,f1_macro,f1_class_0,f1_class_1,auc_roc,brier,ece
baseline,0.8570512820512821,0.8579119356141099,0.8201923076923077,0.8318275146078242,0.896200044586751,0.7674549846288976,0.9200443786982249,0.1210582155174003,0.12380762777219598
fine_tuned_target,0.862820512820513,0.8673792108274867,0.8192307692307692,0.8358990393209016,0.902272386942198,0.7695256916996047,0.9435650887573965,0.10435620777528909,0.13694951513137382
