scenario,accuracy,precision_macro,recall_macro,f1_macro,f1_class_0,f1_class_1,auc_roc,brier,ece
baseline,0.8615624999999998,0.8061408997031029,0.7050595238095239,0.7333971149584952,0.9171212683753961,0.5496729615415944,0.8339285714285716,0.12023037918661639,0.12345289480814245
fine_tuned_target,0.8896875000000002,0.8596930736774342,0.7425054112554113,0.7794116104904157,0.9352076601482301,0.6236155608326015,0.8793831168831169,0.078162236925646,0.051986346353078264
