scenario,accuracy,precision,recall,f1_score,auc_roc,brier,ece
baseline,0.813095238095238,0.9120626331867608,0.8,0.8486823876950395,0.8802933673469389,0.16237919040140122,0.15967308360684132
fine_tuned_target,0.8553571428571429,0.9282942159456404,0.85,0.8867502217003356,0.9159438775510205,0.10597666660648586,0.12853077883676936
