scenario,accuracy,precision,recall,f1_score,auc_roc,brier,ece
baseline,0.8353124999999999,0.6789342923688275,0.5428571428571429,0.5680542471011382,0.8541666666666667,0.11152403634942765,0.11020748946641108
fine_tuned_target,0.8825,0.7744543650793652,0.5160714285714285,0.6099663895886722,0.882711038961039,0.07768739010978465,0.05159163988311775
