scenario,accuracy,precision,recall,f1_score,auc_roc,brier,ece
baseline,0.8653846153846154,0.9166666666666666,0.6470588235294118,0.7586206896551724,0.9302520751953125,0.09265967038296198,0.1031990974711684
source_dataset,0.8977272727272727,0.8235294117647058,0.7,0.7567567567567568,0.9266543984413147,0.07602076158383353,0.06671697582880204
fine_tuned_target,0.8653846153846154,1.0,0.5882352941176471,0.7407407407407407,0.9764705896377563,0.06646345821843755,0.08506562727360198
