{
    "timestamp": "2026-02-02T11:52:28.447018",
    "dataset": {
        "train_size": 154,
        "val_size": 52,
        "test_size": 52
    },
    "model_config": {
        "hidden_layers": [
            128,
            128,
            128,
            128,
            128
        ],
        "dropouts": [
            0.2,
            0.2,
            0.2,
            0.2,
            0.2
        ],
        "learning_rate": 3e-05,
        "weight_decay": 0.0,
        "activation": "relu"
    },
    "training": {},
    "calibration": {
        "temperature": 0.9705857038497925,
        "best_threshold": 0.8318181818181818,
        "best_f1_val": 0.967741935483871
    },
    "test_metrics": {
        "accuracy": 0.8653846153846154,
        "precision": 1.0,
        "recall": 0.5882352941176471,
        "f1_score": 0.7407407407407407,
        "auc_roc": 0.9764705896377563,
        "brier": 0.06646345821843755,
        "ece": 0.08506562727360198
    }
}