scenario,accuracy,precision_macro,recall_macro,f1_macro,f1_class_0,f1_class_1,auc_roc,brier,ece
baseline,0.8506410256410255,0.851850964914491,0.816826923076923,0.8268034967510186,0.8895707288061022,0.7640362646959349,0.9164201183431953,0.11673053797518482,0.11848504297220361
fine_tuned_target,0.8596153846153847,0.859935033835896,0.8182692307692306,0.8334316410126501,0.8994242174666702,0.7674390645586298,0.9365384615384617,0.10532807348689044,0.12758024487083253
