scenario,accuracy,precision_macro,recall_macro,f1_macro,f1_class_0,f1_class_1,auc_roc,brier,ece
baseline,0.8326923076923076,0.8244027952206061,0.8095378151260505,0.8093910947312569,0.8743845903699379,0.744397599092576,0.9067647058823528,0.13715290769685357,0.15266523266461893
fine_tuned_target,0.8692307692307694,0.9009141956049873,0.8128571428571428,0.837109217520959,0.908836164941906,0.765382270100012,0.9686554621848739,0.0821316556620277,0.0993828900033035
