scenario,accuracy,precision_macro,recall_macro,f1_macro,f1_class_0,f1_class_1,auc_roc,brier,ece
baseline,0.88125,0.8821486192692426,0.8543067226890756,0.8615618375346286,0.912751039275699,0.8103726357935581,0.9608823529411765,0.08525815836399837,0.11052395136301549
fine_tuned_target,0.8735576923076923,0.9199949186991869,0.8073739495798318,0.8370897216882109,0.914112642361345,0.7600668010150768,0.9794957983193278,0.06684137868751819,0.08153306666331797
