{
    "source": {
        "accuracy": 0.8289473684210527,
        "precision": 0.5,
        "recall": 0.6923076923076923,
        "f1_score": 0.5806451612903226
    },
    "target": {
        "accuracy": 0.8552631578947368,
        "precision": 0.75,
        "recall": 0.23076923076923078,
        "f1_score": 0.35294117647058826
    },
    "transfer_learning": {
        "accuracy": 0.881578947368421,
        "precision": 0.8333333333333334,
        "recall": 0.38461538461538464,
        "f1_score": 0.5263157894736842
    }
}