{
    "source": {
        "accuracy": 0.8026315789473685,
        "precision": 0.45,
        "recall": 0.6923076923076923,
        "f1_score": 0.5454545454545454,
        "auc_roc": 0.8766788244247437
    },
    "target": {
        "accuracy": 0.8552631578947368,
        "precision": 0.6666666666666666,
        "recall": 0.3076923076923077,
        "f1_score": 0.42105263157894735,
        "auc_roc": 0.8437118530273438122222222
    },
    "transfer_learning": {
        "accuracy": 0.8552631578947368,
        "precision": 0.75,
        "recall": 0.23076923076923078,
        "f1_score": 0.35294117647058826,
        "auc_roc": 0.874847412109375
    }
}