{
    "source": {
        "accuracy": 0.7894736842105263,
        "precision": 0.42105263157894735,
        "recall": 0.6153846153846154,
        "f1_score": 0.5,
        "auc_roc": 0.8717948198318481
    },
    "target": {
        "accuracy": 0.8552631578947368,
        "precision": 0.6666666666666666,
        "recall": 0.3076923076923077,
        "f1_score": 0.42105263157894735,
        "auc_roc": 0.8675214052200317
    },
    "transfer_learning": {
        "accuracy": 0.8289473684210527,
        "precision": 0.5,
        "recall": 0.07692307692307693,
        "f1_score": 0.13333333333333333,
        "auc_roc": 0.8724053502082825
    }
}