{
    "source": {
        "accuracy": 0.425,
        "precision": 1.0,
        "recall": 0.14814814814814814,
        "f1_score": 0.25806451612903225,
        "auc_roc": 0.7749287486076355
    },
    "target": {
        "accuracy": 0.675,
        "precision": 0.7916666666666666,
        "recall": 0.7037037037037037,
        "f1_score": 0.7450980392156863,
        "auc_roc": 0.8034188151359558
    },
    "transfer_learning": {
        "accuracy": 0.8,
        "precision": 0.7714285714285715,
        "recall": 1.0,
        "f1_score": 0.8709677419354839,
        "auc_roc": 0.7706552743911743
    }
}