{
    "source": {
        "accuracy": 0.425,
        "precision": 1.0,
        "recall": 0.14814814814814814,
        "f1_score": 0.25806451612903225
    },
    "target": {
        "accuracy": 0.725,
        "precision": 0.7857142857142857,
        "recall": 0.8148148148148148,
        "f1_score": 0.8
    },
    "transfer_learning": {
        "accuracy": 0.8,
        "precision": 0.7714285714285715,
        "recall": 1.0,
        "f1_score": 0.8709677419354839
    }
}